{
  "best_global_step": null,
  "best_metric": null,
  "best_model_checkpoint": null,
  "epoch": 1.0,
  "eval_steps": 500,
  "global_step": 63,
  "is_hyper_param_search": false,
  "is_local_process_zero": true,
  "is_world_process_zero": true,
  "log_history": [
    {
      "entropy": 1.3569236367940902,
      "epoch": 0.08,
      "grad_norm": 30.930395126342773,
      "learning_rate": 4.9867496890364734e-06,
      "logits/chosen": 0.47020920410442263,
      "logits/rejected": 0.9945172081877685,
      "logps/chosen": -131.8320837020874,
      "logps/rejected": -43.580211353302005,
      "loss": 0.6255886554718018,
      "mean_token_accuracy": 0.5278786107897758,
      "num_tokens": 23346.0,
      "rewards/accuracies": 0.575,
      "rewards/chosen": 0.1690775910159573,
      "rewards/margins": 0.16136484062299133,
      "rewards/rejected": 0.007712750261998735,
      "step": 5
    },
    {
      "entropy": 1.4077393904328346,
      "epoch": 0.16,
      "grad_norm": 12.1249418258667,
      "learning_rate": 4.839292047601234e-06,
      "logits/chosen": 0.701117697068716,
      "logits/rejected": 1.1419181504052567,
      "logps/chosen": -127.88906841278076,
      "logps/rejected": -44.5033194065094,
      "loss": 0.3159804344177246,
      "mean_token_accuracy": 0.5424963518977165,
      "num_tokens": 46346.0,
      "rewards/accuracies": 0.975,
      "rewards/chosen": 1.2781079720705748,
      "rewards/margins": 1.156675564032048,
      "rewards/rejected": 0.12143241234007292,
      "step": 10
    },
    {
      "entropy": 1.553850208222866,
      "epoch": 0.24,
      "grad_norm": 5.971206188201904,
      "learning_rate": 4.537570843792028e-06,
      "logits/chosen": 1.0987717783863196,
      "logits/rejected": 1.3399126819375475,
      "logps/chosen": -115.74198894500732,
      "logps/rejected": -43.4181067943573,
      "loss": 0.2761981010437012,
      "mean_token_accuracy": 0.5234394177794457,
      "num_tokens": 69055.0,
      "rewards/accuracies": 1.0,
      "rewards/chosen": 1.6785873457789422,
      "rewards/margins": 1.6135826878249646,
      "rewards/rejected": 0.0650046471215319,
      "step": 15
    },
    {
      "entropy": 1.5245142966508864,
      "epoch": 0.32,
      "grad_norm": 5.007524013519287,
      "learning_rate": 4.101482946745438e-06,
      "logits/chosen": 1.1938932952235266,
      "logits/rejected": 1.4161780979045806,
      "logps/chosen": -111.76912631988526,
      "logps/rejected": -42.75510988235474,
      "loss": 0.17852940559387206,
      "mean_token_accuracy": 0.5647040136158467,
      "num_tokens": 92466.0,
      "rewards/accuracies": 1.0,
      "rewards/chosen": 2.191955383121967,
      "rewards/margins": 2.20165898129344,
      "rewards/rejected": -0.009703610097062665,
      "step": 20
    },
    {
      "entropy": 1.5925648242235184,
      "epoch": 0.4,
      "grad_norm": 3.0507988929748535,
      "learning_rate": 3.5597859767746524e-06,
      "logits/chosen": 1.3355065787786733,
      "logits/rejected": 1.6094979490173036,
      "logps/chosen": -119.66026344299317,
      "logps/rejected": -47.1830002784729,
      "loss": 0.17327959537506105,
      "mean_token_accuracy": 0.5420102447271347,
      "num_tokens": 115709.0,
      "rewards/accuracies": 1.0,
      "rewards/chosen": 2.441586569696665,
      "rewards/margins": 2.3554438367486,
      "rewards/rejected": 0.08614273064304143,
      "step": 25
    },
    {
      "entropy": 1.5842293798923492,
      "epoch": 0.48,
      "grad_norm": 3.4524731636047363,
      "learning_rate": 2.9482018970268395e-06,
      "logits/chosen": 1.3530549750358376,
      "logits/rejected": 1.4406677600272464,
      "logps/chosen": -112.71233940124512,
      "logps/rejected": -42.432846784591675,
      "loss": 0.1814212679862976,
      "mean_token_accuracy": 0.562814685702324,
      "num_tokens": 139019.0,
      "rewards/accuracies": 1.0,
      "rewards/chosen": 2.17147019803524,
      "rewards/margins": 2.1705985620617865,
      "rewards/rejected": 0.000871626113075763,
      "step": 30
    },
    {
      "entropy": 1.563791075348854,
      "epoch": 0.56,
      "grad_norm": 2.635366678237915,
      "learning_rate": 2.3070613446833843e-06,
      "logits/chosen": 1.3601428197809786,
      "logits/rejected": 1.5423094551692895,
      "logps/chosen": -105.16868572235107,
      "logps/rejected": -45.16670408248901,
      "loss": 0.16549838781356813,
      "mean_token_accuracy": 0.5481636963784695,
      "num_tokens": 162465.0,
      "rewards/accuracies": 1.0,
      "rewards/chosen": 2.1416384771466257,
      "rewards/margins": 2.1708915755152702,
      "rewards/rejected": -0.029253096564207225,
      "step": 35
    },
    {
      "entropy": 1.5819754213094712,
      "epoch": 0.64,
      "grad_norm": 3.1469008922576904,
      "learning_rate": 1.6786440452229134e-06,
      "logits/chosen": 1.3675348172818802,
      "logits/rejected": 1.610354658767364,
      "logps/chosen": -107.67330951690674,
      "logps/rejected": -44.41552257537842,
      "loss": 0.14611564874649047,
      "mean_token_accuracy": 0.5554491966962815,
      "num_tokens": 185902.0,
      "rewards/accuracies": 1.0,
      "rewards/chosen": 2.376777246594429,
      "rewards/margins": 2.5192332163453104,
      "rewards/rejected": -0.14245598155539482,
      "step": 40
    },
    {
      "entropy": 1.5031780183315278,
      "epoch": 0.72,
      "grad_norm": 1.8279328346252441,
      "learning_rate": 1.1043906949328387e-06,
      "logits/chosen": 1.2143370135102063,
      "logits/rejected": 1.493098449399078,
      "logps/chosen": -111.9958426475525,
      "logps/rejected": -44.449791765213014,
      "loss": 0.08498537540435791,
      "mean_token_accuracy": 0.5536963239312171,
      "num_tokens": 209067.0,
      "rewards/accuracies": 1.0,
      "rewards/chosen": 2.9477359011769293,
      "rewards/margins": 3.1691332042217253,
      "rewards/rejected": -0.22139733126387,
      "step": 45
    },
    {
      "entropy": 1.5695784360170364,
      "epoch": 0.8,
      "grad_norm": 2.412245512008667,
      "learning_rate": 6.221701728237008e-07,
      "logits/chosen": 1.3186699584336723,
      "logits/rejected": 1.5396859888586119,
      "logps/chosen": -107.14625787734985,
      "logps/rejected": -42.51265230178833,
      "loss": 0.13279435634613038,
      "mean_token_accuracy": 0.5770572029054165,
      "num_tokens": 232336.0,
      "rewards/accuracies": 1.0,
      "rewards/chosen": 2.325656233727932,
      "rewards/margins": 2.5408405870199204,
      "rewards/rejected": -0.2151843494095374,
      "step": 50
    },
    {
      "entropy": 1.5442096963524818,
      "epoch": 0.88,
      "grad_norm": 2.3844876289367676,
      "learning_rate": 2.6378229442801163e-07,
      "logits/chosen": 1.306540915840381,
      "logits/rejected": 1.4735385099831206,
      "logps/chosen": -108.63263816833496,
      "logps/rejected": -47.51321563720703,
      "loss": 0.11426377296447754,
      "mean_token_accuracy": 0.5576794229447841,
      "num_tokens": 255189.0,
      "rewards/accuracies": 1.0,
      "rewards/chosen": 2.659049551934004,
      "rewards/margins": 2.9038642048835754,
      "rewards/rejected": -0.24481464746640996,
      "step": 55
    },
    {
      "entropy": 1.5359320402145387,
      "epoch": 0.96,
      "grad_norm": 1.9496842622756958,
      "learning_rate": 5.2860787261605485e-08,
      "logits/chosen": 1.3261039384838313,
      "logits/rejected": 1.4909854357787367,
      "logps/chosen": -109.64456081390381,
      "logps/rejected": -49.295374631881714,
      "loss": 0.11621401309967042,
      "mean_token_accuracy": 0.5674637302756309,
      "num_tokens": 278992.0,
      "rewards/accuracies": 1.0,
      "rewards/chosen": 2.5489455074071885,
      "rewards/margins": 2.8460226014256476,
      "rewards/rejected": -0.2970770958228968,
      "step": 60
    }
  ],
  "logging_steps": 5,
  "max_steps": 63,
  "num_input_tokens_seen": 0,
  "num_train_epochs": 1,
  "save_steps": 500,